30902,t-b.ru.com
50972,partners.ru.com
83236,modnoevyazanie.ru.com
96422,azino.ru.com
215876,zaycev.ru.net
242348,minecraft.ru.net
247975,vk-cc.ru.com
250538,wargaming.ru.net
268699,fxpro.ru.com
278166,reklamka.ru.net
285203,tehnikalux.ru.com
293913,betcity.ru.com
301901,bard.ru.com
308384,sobot.ru.net
319768,prolife.ru.com
321751,machineseeker.ru.com
323068,fxstreet.ru.com
344899,uggi.ru.com
352187,mirtovarov.ru.com
352322,nomer.ru.net
358863,hiromantiya.ru.com
499562,beyblade.ru.com
506660,rutor.ru.net
516413,theater.ru.com
517532,blagodaryu.ru.com
521055,pvp.ru.com
527128,xn--h1aaecngahu.ru.com
527432,litres.ru.net
556319,basketball.ru.com
681306,bluetooth.ru.com
764355,gm1.ru.com
770617,chat.ru.com
844400,actionmail.ru.com
848715,technoservice.ru.com
852812,text.ru.com
864401,gosuslugi.ru.com
909882,eternityrose.ru.com
