339,ebc.net.tw
898,abc.net.au
2726,vulcan.net.pl
2921,censor.net.ua
5910,indianbank.net.in
6285,whirlpool.net.au
6330,etest.net.cn
7679,yto.net.cn
9621,centralbank.net.in
9920,onlineandhrabank.net.in
11983,myvideo.net.tw
12483,yemen.net.ye
12523,trt.net.tr
14259,jalshamoviez.net.in
14397,pincode.net.in
15508,aicoin.net.cn
15981,sac.net.cn
17550,iinet.net.au
20668,mengdi.net.cn
22803,kienthuc.net.vn
23442,monitor.net.ru
26236,ic.net.cn
26631,mikroskop.net.ua
27170,e-works.net.cn
27639,giadinh.net.vn
30148,cfi.net.cn
30658,mmr.net.ua
30930,ptcl.net.pk
31389,neulion.net.cn
34438,minhngoc.net.vn
34722,tgl.net.ru
35664,mtnl.net.in
38487,informer.net.ua
38582,gazetki-promocyjne.net.pl
40363,cnci.net.cn
40392,aero2.net.pl
40718,musio.net.br
43729,shoes.net.cn
44815,fonts.net.cn
45165,universia.net.mx
45499,cooco.net.cn
45670,chinajournal.net.cn
47192,japan.net.vn
47274,apdcl.net.in
47315,cww.net.cn
47453,nga.net.au
47798,sbf.net.nz
48208,puh3.net.cn
48316,giaoduc.net.vn
49724,uooc.net.cn
50237,seed.net.tw
52375,taiwan.net.tw
52512,motto.net.ua
53012,raisingchildren.net.au
54596,funtime.net.pk
55394,bluemedia.net.cn
55797,filmesporno.net.br
57256,all.net.ua
57292,dl-library.net.cn
58015,clxp.net.cn
59129,download.net.pl
60561,comment.net.ua
61358,off.net.mk
61433,yrok.net.ua
61890,doctors.net.uk
65142,universia.net.co
65663,gx.net.ua
66523,jizn.net.ua
67293,ata.net.cn
67329,cn56.net.cn
68393,speedtest.net.in
68441,algomhuria.net.eg
69094,gwbnsh.net.cn
69123,nit.net.cn
70835,sj.net.cn
71398,dcloud.net.cn
75222,cctr.net.cn
75226,cgn.net.cn
75995,tamm.net.sa
76391,eweb.net.cn
76421,pinu.net.cn
77506,csc.net.kw
77746,mmic.net.cn
78080,guess.net.au
78775,aynews.net.cn
78808,bplisn.net.cn
79296,qyhw.net.cn
79639,campusvirtualuba.net.ve
79833,redtube.net.pl
80620,ceec.net.cn
82206,mymusic.net.tw
82342,sponteeducacional.net.br
84535,jste.net.cn
84781,seo.net.cn
85367,so-net.net.tw
85889,catch.net.tw
87051,sirsidynix.net.au
88465,ntc.net.np
89878,ebk.net.ua
89897,chariot.net.au
90212,istanbul.net.tr
90782,56114.net.cn
90783,566.net.cn
90906,bios.net.cn
91066,etv.net.cn
91277,jinri.net.cn
91854,ymq.net.cn
92190,speedtest.net.ru
93081,scholarships.net.in
93657,hot.net.il
94418,sscnr.net.in
95761,applynow.net.au
95883,wangchao.net.cn
96936,gutenberg.net.au
97233,sirsidynix.net.uk
99628,luanvan.net.vn
100507,counters.net.br
101328,caas.net.cn
102189,6320.net.cn
102473,cscore.net.cn
102477,cttc.net.cn
102516,divelog.net.au
102524,dmu.net.au
103163,pantone.net.cn
104220,pionier.net.pl
104399,netspace.net.au
104714,une.net.co
104756,rimon.net.il
105968,mobile.net.sa
106503,mitologiagrega.net.br
107214,hpoi.net.cn
107924,qatar.net.qa
108276,sinai.net.co
108379,trtcocuk.net.tr
108887,selecao.net.br
109665,kuna.net.kw
110924,fetc.net.tw
112216,stereo.net.au
116720,hosting-services.net.au
120018,cbn.net.id
120049,speedtest.net.ua
120103,dewen.net.cn
121366,eduardopires.net.br
122225,synergy.net.au
122410,secretariauba.net.ve
122766,ingvarr.net.ru
123562,aia.net.my
124780,wiesz.net.pl
125344,bugaga.net.ru
125609,australianmuseum.net.au
127018,lotnictwo.net.pl
128242,studentam.net.ua
129942,bookroom.net.cn
130187,chinatimes.net.cn
130189,chinayjs.net.cn
130556,discovertasmania.net.cn
130569,dlcdesign.net.cn
130777,ewater.net.cn
131262,hgtkjt.net.cn
131298,hndh.net.cn
131798,jutan.net.cn
132274,mei.net.cn
132570,ngx.net.cn
132640,o-oo.net.cn
134119,www.net.cn
134421,yonho.net.cn
134512,yzinfo.net.cn
135684,ibis.net.ua
136085,archi.net.tw
136502,connect.net.pk
136997,tunisianow.net.tn
137579,westsat.net.ua
138101,mysurvey.net.au
138294,myawady.net.mm
138491,pornotorrent.net.br
138972,inscricaoonline.net.br
139185,toya.net.pl
141413,zeti.net.co
141918,edmgateway.net.au
143572,prozoro.net.ua
146162,gidonline.net.ua
146605,solarchoice.net.au
147421,zakarpattya.net.ua
148500,uzhgorod.net.ua
148653,baskino.net.ua
149025,ni.net.tr
149142,vatra.net.ua
150374,biyografi.net.tr
159469,qgqm.net.cn
160670,hotmart.net.br
160945,laureate.net.au
161756,abcxyz.net.in
162283,vagasrj.net.br
162350,kopilochka.net.ru
162894,new-rutor.net.pl
163193,iris.net.co
163711,takpro100.net.ua
163965,detik.net.id
164154,photoshoponline.net.br
169080,therock.net.nz
169274,012.net.il
169498,nbnco.net.au
169816,bcc.net.bd
175543,blocklist.net.ua
176456,hosheng.net.tw
177042,neto.net.il
177579,vipmidia.net.br
179947,insidernews.net.ua
182051,pick.net.ua
182293,careercentre.net.nz
182457,skymesh.net.au
182492,pknic.net.pk
182918,forbes.net.ua
182934,apteka.net.ua
184741,reporter.net.ua
184854,postal.net.br
185371,textbooks.net.ua
185845,referatu.net.ua
186549,hoaphat.net.vn
186684,guzel.net.tr
187123,supermemo.net.pl
187225,pnbnet.net.in
188303,benhnamgioi.net.vn
189322,orcon.net.nz
189478,sts.net.pk
190625,tripoa.net.br
192292,ec.net.pl
192734,best-assistance.net.sy
192962,hostingplatform.net.au
193072,sled.net.ua
193080,survivalfirstaidkits.net.au
193109,inpoland.net.pl
198217,bdren.net.bd
199993,basaru.net.ru
200898,albarakabank.net.tn
201724,kosmos-x.net.ru
201787,riff.net.pl
204558,mona.net.au
205342,signet.net.au
207158,c-s.net.ua
207173,movistar.net.ve
209001,odessa.net.ua
210167,kherson.net.ua
210915,balita.net.ph
211341,super.net.pk
212023,echo.net.au
213048,diagnoz.net.ua
215857,wplay.net.ua
216578,spintel.net.au
216793,educarweb.net.br
218290,ckyke.net.ru
219445,chinesenews.net.au
220248,seton.net.au
220654,bip.net.pl
221261,mahadbt.net.in
221493,mech.net.ru
222577,eclipse.net.uk
222741,doruk.net.tr
224143,mulheresnuas.net.br
224581,setam.net.ua
226792,bih.net.ba
227766,guitargear.net.au
227780,mpt.net.mm
227869,zdrava2015.net.ua
229528,davcmc.net.in
230558,stozhary.net.ua
233306,novomp3.net.br
233818,brain.net.pk
235620,handyman.net.au
237446,vodafone.net.tr
237712,static9.net.au
240069,cyber.net.pk
241562,mercadodabola.net.br
242756,dzisiaj.net.pl
244849,unsubscribe.net.in
244878,davcae.net.in
245045,meb.net.tr
245131,zhivotnovodstvo.net.ru
245180,benhphunu.net.vn
246327,sacdep.net.vn
246416,felda.net.my
247332,polskie-torrenty.net.pl
247460,undercoverwear.net.au
247906,mcdigital.net.br
248715,letsfaceit.net.au
249162,claro.net.co
249442,thecoast.net.nz
251387,fishesofaustralia.net.au
251435,bicycles.net.au
251837,cipl.net.in
252318,beauty.net.ru
258785,hitme.net.pl
259022,questionpapers.net.in
259522,tourism.net.nz
260600,leo.net.pk
260722,radio.net.pk
261565,apset.net.in
261607,telecentro.net.ar
261688,millenniumschools.net.au
264774,publicholidays.net.za
265272,eadmission.net.in
267108,onetel.net.uk
267175,oak.net.cn
268895,vipprodutora.net.br
269853,inspire.net.nz
270860,eterminal.net.my
272736,scu.net.au
275989,musicamp3gratis.net.br
275998,prm.net.br
280634,sohuutritue.net.vn
283527,bo.net.br
283552,designercoverscustom.net.br
284921,heart.net.tw
284923,hicloud.net.tw
285354,login.net.vn
290596,fecam.net.br
290649,ingressoplus.net.br
292107,sodetel.net.lb
293767,jrsistemas.net.br
294101,ajotachat.net.ve
294536,novared.net.ve
295657,kids.net.au
295846,msd.net.my
295953,email-hosting.net.au
295967,praktika.net.au
296940,wi-tribe.net.pk
296998,womax.net.br
297810,alsharq.net.sa
297930,epublisher.net.au
299201,gpstracker.net.in
300201,virchi.pp.net.ua
300286,iconpln.net.id
301508,standard.net.au
301991,sun.net.tw
303222,speedtest.net.pl
303281,kmk.net.tr
303377,cns.net.tw
306211,populacao.net.br
306245,simuladododetran.net.br
306247,skymail.net.br
306268,tvg.net.br
309078,discountcode.net.in
311920,athena.net.gr
312067,timberland.net.ru
316539,fnpi.net.ma
318056,cable.net.co
318537,highsandlows.net.au
318540,podium.net.au
319844,pojaru.net.ru
319901,bol.net.in
319903,canarabank.net.in
321831,worldcall.net.pk
321923,col3neg.net.au
322543,sieducademo.net.br
326304,sbit.net.pl
328753,ici.net.au
329010,netcontabil.net.br
329738,kriminal.net.ua
330292,artlib.net.tw
330400,creativespaces.net.au
331619,apdm.net.my
335478,kharkivosvita.net.ua
336538,netone.net.in
336731,ifix.net.cn
337249,smartindia.net.in
337440,mold.net.tw
337947,ekola2015.net.ua
338565,robotacademy.net.au
342280,jokesland.net.ru
342801,vwgolf.net.au
344618,digiweb.net.nz
344894,efm.net.au
345031,surf7.net.my
346606,jlm.net.id
346836,krmbank.net.ye
346880,webtrends.net.br
347785,vamos.net.au
348916,spotters.net.ua
350895,aipc.net.au
351043,flycom.net.ua
351595,depedbukidnon.net.ph
352817,destra.net.br
353255,apnarm.net.au
353624,infoxchangeapps.net.au
354081,embratel.net.br
354085,encceja2019.net.br
354175,jejumintermitente.net.br
354248,novasdodia.net.br
354272,pap-saude.net.br
354333,saopaulopatologia.net.br
355221,christianity.net.au
355674,tbc.net.tw
358774,inspireprepay.net.nz
358784,antara.net.id
358809,diariocastellanos.net.ar
361782,emcali.net.co
362622,xuanhoa.net.vn
366714,norma4.net.ua
367930,abhatoo.net.ma
369552,plcs.net.pl
370894,adidas.net.ua
371444,twsolutions.net.br
371798,chiropedic.net.au
371829,ncable.net.au
374227,pgimeradmissions.net.in
374613,dnet.net.id
375130,almessa.net.eg
376210,isim.net.ua
377054,k3.net.pl
377625,justdeal.net.in
378189,svyatogorsk.net.ua
378498,motherwell.net.au
378941,nour.net.sa
379129,sd.net.ua
379349,victoriancollections.net.au
382463,lft.net.br
383637,abc-prod.net.au
386217,zen.net.uk
387102,mern.net.ar
387224,esw.net.br
387254,qualitas.net.br
387335,playlines.net.ua
387746,anc.net.ua
388139,consulate.net.au
388146,facefirst.net.au
388147,fireflycloud.net.au
388158,jimscleaning.net.au
388391,businesslistings.net.au
388470,stekol.net.ua
391452,dety.net.ua
398816,gerenciamentodeprojetos.net.br
399610,onlinejobs.net.in
399821,amservices.net.au
400783,idm.net.lb
401835,aist.net.ru
401871,grydladziewczyn.net.pl
403273,vaya.net.au
403622,gcn.net.br
412037,smak.net.ua
413064,kutno.net.pl
414490,istec.net.ua
416141,criaremailgratis.net.br
416476,impostoderenda2018.net.br
416515,ivi.net.br
416608,makiyama.net.br
416645,meuip.net.br
416705,netcombotv.net.br
416706,netfly.net.br
416718,nissanclube.net.br
416837,pornogratis.net.br
417096,systemtech.net.br
418348,austin.net.au
418357,ch2.net.au
418403,mgs.net.au
418788,stronghold.net.pl
421296,idg.net.ua
421818,elauto.net.ua
422459,8bits.net.co
422751,plp.net.br
423659,autoliga.net.ua
429172,igroed.net.ru
430074,komtek.net.ua
430915,unlimited.net.il
434076,dgn.net.tr
434958,curtidasflash.net.br
435741,etapa.net.ec
435758,omantel.net.om
436050,netrider.net.au
437308,dobrewiadomosci.net.pl
437582,pgk.net.pl
437606,programyzadarmo.net.pl
438091,isnet.net.tr
438192,turek.net.pl
438489,urok.net.ua
440477,ss.net.tw
441998,psychology.net.ru
442011,tarjetaoh.net.pe
443274,ciit.net.pk
443362,tedata.net.jo
444186,cyberia.net.lb
444787,zuver.net.au
446100,tarp.net.ua
446655,junto.net.br
446699,oral.net.br
446733,reprint-itaipu.net.br
446770,tmt.net.br
447116,amg.net.pl
447179,maktel.net.pl
449030,population.net.au
449037,australiansafetysigns.net.au
451887,garkihospital.net.ng
452379,geografica.net.ua
452728,all-cs.net.ru
453854,esargroup.net.in
454030,g3.net.pl
454073,optimal.net.pl
454247,chinese.net.au
455224,turbo.net.ar
455441,airspace.net.my
456163,novocarro.net.br
456235,resolvetelecom.net.br
456291,swisslink.net.br
456553,slovo.net.ru
457039,nagaland.net.in
457105,teamassociates.net.in
458076,yaske.net.co
458112,sabong.net.ph
459482,memberlink.net.au
464086,medicinainterna.net.pe
464825,palabradevida.net.ve
465988,wynikilotto.net.pl
467703,petshop.net.tr
467926,e.net.kw
468553,avtodiski.net.ua
469174,lowcost.net.ar
470170,mpos.net.in
470194,pin-code.net.in
470236,stargate.net.in
470406,sk.net.tw
474320,bcls.net.au
474467,horizons.net.sa
474549,luxuryspa.net.in
474924,registry.net.za
476401,trtbelgesel.net.tr
476793,tls.net.au
477239,telmexla.net.co
477336,barinas.net.ve
477376,amsolutions.net.au
477717,azet.net.pl
478246,chienchen.net.tw
478654,twnic.net.tw
479035,reff.net.ua
480129,dreye.net.tw
480471,heroes.net.pl
480586,renault-kangoo.net.ua
480696,lds.net.ua
481054,linuxmint.net.tr
489439,reasoninrevolt.net.au
489930,gateways.net.in
490851,notengotv.net.ve
490940,gbps.net.in
491869,beademporium.net.au
492016,hdrezka.net.ua
492848,kino.net.ua
496415,ltc.net.ly
499617,paye.net.nz
499776,svadba.net.ru
499801,etrade.net.ph
500454,inspireeducation.net.au
501125,feiradamadrugadafortaleza.net.br
501207,hostdns.net.br
501526,previdenciasocial.net.br
501715,tmw.net.br
502420,biologia.net.pl
502457,darmowefilmyerotyczne.net.pl
502561,korex.net.pl
502586,lepis.net.ru
502684,reklamowka.net.pl
502790,zstio.net.pl
502969,terra.net.lb
505428,allwrap.net.au
505445,school24.net.au
505767,vsiknygy.net.ua
506900,era.net.sa
509966,screenprintingservices.net.au
510205,kinogo.net.ua
510675,claro.net.do
511936,10.net.au
511942,eses.net.cn
513800,manningfunerals.net.nz
514493,rybachok.net.ua
516243,vcampus.net.au
516295,obkom.net.ua
516746,cyberspace.net.ng
516882,diadiemanuong.net.vn
517135,ido.net.ru
517514,212.net.ua
517641,gellespont.net.ru
518979,kovtuny.net.ua
519385,newbalance.net.ua
519569,gsn.net.ua
520181,mindgames.net.au
524777,emirates.net.ae
524931,keyboard.net.ua
525150,idealhosting.net.tr
525921,advoos.net.ua
525996,billiard.net.ua
526010,bs.net.pl
526086,epix.net.pl
526098,euronet.net.pl
526290,myslenice.net.pl
526400,samuraj.net.pl
526406,serwisfoto.net.pl
526449,suknieslubne.net.pl
526485,tomanek.net.pl
527154,blognhansu.net.vn
527673,honda.net.my
530402,impsat.net.co
530697,grand.net.tw
530759,mybiz.net.tw
530809,sungo.net.cn
530957,ganardineroenvenezuela.net.ve
531059,deshevshe.net.ua
532607,lightforce.net.au
532628,sal.net.au
532731,amnet.net.au
533099,bnibrasil.net.br
533141,caiweb.net.br
533455,ereceita.net.br
533587,gbeaute.net.br
533614,gonet.net.br
533892,lxhost.net.br
533914,makpecas.net.br
533953,mensagenslindas.net.br
534015,multipla.net.br
534049,ninfasgyn.net.br
534102,ouroverde.net.br
534973,icop.net.gr
535553,marakesh.net.ua
535649,excel.net.vn
535658,hocthietkeweb.net.vn
535690,tourthailan.net.vn
538117,lto.net.ph
543598,wise.net.lb
544592,ifm.net.nz
546578,rpsc.net.in
546856,comsats.net.pk
550972,john.net.pl
555706,igru.net.ua
556414,aquisegana.net.ve
562106,astortheatre.net.au
562165,culturaldiversity.net.au
562171,discovery.net.au
562283,mazzanet.net.au
562387,street-map.net.au
562977,travel.net.tw
563048,alinta.net.au
563303,cellmoney.net.in
563322,droplet.net.in
563427,pesa.net.in
563992,wenzhixin.net.cn
565853,penisplugs.net.au
567781,ktm.net.ua
567930,sanmix.net.ua
568164,di.net.sa
575567,tileauctions.net.au
577764,indosat.net.id
578153,softcall.net.in
578974,cerkiew.net.pl
579083,eltech.net.pl
579452,navigare.net.pl
579623,riccardo.net.pl
579753,tarnow.net.pl
579755,tbg.net.pl
579823,wak.net.pl
579973,academic.net.co
580079,insafehands.net.au
580107,onlineappointmentscheduling.net.au
580128,sbhs.net.au
580156,zen.net.au
582038,hays.net.nz
582233,komtek.net.ru
583192,bee.net.ua
584169,pascal.net.ru
584280,maxis.net.my
585125,prodigy.net.mx
585514,myhealth.net.au
585585,idc.net.pk
586283,malath.net.sa
586289,rh.net.sa
586588,trump.net.in
587429,edumate.net.au
587440,frontpage.net.au
587574,ziggies.net.au
588406,railway.net.in
589852,online.net.tw
590055,fithou.net.vn
590068,lumi.net.vn
590344,tgt.net.ar
590889,igez.net.ve
591883,tonus-stroy.net.ru
591900,nusa.net.id
592960,fishing.net.nz
592963,kiwistuff.net.nz
592966,snipesoft.net.nz
593446,tehnar.net.ua
593653,latlong.net.in
593743,samriddhifoundation.net.in
604449,civ.net.ve
606585,frogid.net.au
606608,independentaudiologists.net.au
606709,tennisworld.net.au
606719,tod.net.au
606727,usedfurniture.net.au
606732,wha.net.au
607313,nash.net.ua
607805,shurup.net.ua
609788,haccanhvien.net.vn
610009,a8e.net.br
610014,aasc.net.br
610034,academiamoveedu.net.br
610360,beautyshape.net.br
611991,listenx.net.br
612050,madrugaosuplementos.net.br
612116,martinscds.net.br
612119,mastercoaches.net.br
612125,matrix.net.br
612297,namidia.net.br
612320,neomail.net.br
612409,oi.net.br
612433,online.net.br
612435,onmed.net.br
612650,potencial.net.br
612686,prodent.net.br
612893,romhacking.net.br
613677,tavlaoyna.net.tr
613827,myhost.net.au
613922,shopit.net.ua
613974,supersale.net.ua
615961,conglyxahoi.net.vn
615987,mobifone3g.net.vn
617425,governmentjob.net.in
617578,prayaas.net.in
617859,referaty.net.ua
617966,fiberlink.net.pk
619015,kntu.net.ua
619296,wildwildworld.net.ua
619764,sourcecode.net.in
620765,alpha.net.au
620846,edu.net.au
620882,greaterspringfield.net.au
620941,launtel.net.au
622595,diagnoza.net.ua
622928,dnt.net.pk
625024,maza.net.pk
626008,cosmos.net.nz
626573,dal.net.tr
626950,gtcloud.net.tw
627287,southernhabitat.net.au
627293,sse.net.cn
628321,hitforum.net.ua
629344,blc.net.ua
630519,starhub.net.sg
631152,basta.net.pl
631286,cipka.net.pl
631669,haftex.net.pl
631813,karpacz.net.pl
632075,mojefoto.net.pl
632100,multitest.net.pl
632640,starter.net.pl
632664,sudety.net.pl
632764,tydzien.net.pl
632884,wrc.net.pl
632932,zavet.net.ua
634158,scienceweek.net.au
634512,radioland.net.ua
639333,countrykids.net.au
653072,speedtest.net.pk
653746,oaza.net.pl
654805,catholic.net.au
654867,dreamtime.net.au
654882,essential.net.au
654908,fx.net.nz
654944,hostralia.net.au
655087,opticomm.net.au
655131,rbonline.net.au
655173,signstyle.net.au
655706,vietpro.net.vn
655810,dce.net.nz
657384,dishtv.net.in
658178,sharp.net.au
658497,smart.net.ly
663199,hospitalityfurniture.net.au
664231,lifescience.net.cn
666212,prodesign.net.ua
666218,progmar.net.pl
667898,tcg.net.ua
670377,ntc.net.pk
671346,nic.net.mx
671742,atozmp3.net.in
671918,getmoney.net.in
672449,islam.net.bd
672996,ls.net.ua
673095,hoctienganh.net.vn
673468,mol.net.ua
674370,edulaica.net.br
674993,pranayama.net.br
675675,localhost.net.ar
676922,acmi.net.au
679034,tehnoport.net.ua
680515,uwf.net.ua
683098,bhconsulting.net.au
683147,cada.net.au
683209,crc.net.au
683222,dalighting.net.au
683263,eaaustralia.net.au
683349,gme.net.au
683408,indigenousrights.net.au
683603,novainstitute.net.au
683635,percival-srp.net.au
683713,royalflair.net.au
683776,srb.net.au
683835,thefishmarket.net.au
683837,thelion.net.au
683838,themodern.net.au
683913,visualarts.net.au
683956,xs.net.au
688072,mat.net.ua
688353,theaca.net.au
689378,fitnessfirst.net.in
689581,logisys.net.in
689981,universal-sompo.net.in
691147,dle.net.tr
691311,audiosolutions.net.au
691534,2din.net.ua
691704,ideay.net.ni
692124,kimkimdir.net.tr
694678,tinhbotnghe.net.vn
694826,brama.net.ua
695185,elearning.net.za
695343,polotenca.net.ua
695361,almatv.net.ar
695651,seol.net.ar
697521,best.net.pl
707874,psel.net.ua
709245,setisa.net.pa
711512,venus.net.pl
716836,kingnet.net.tw
717344,tcc.net.tw
718247,skynet.net.ua
718260,gscaas.net.cn
719006,unice.net.ua
719065,hobby.net.ua
719516,artcollector.net.au
722459,korea.net.vn
723413,arh.net.za
727989,bugalugs.net.au
760227,intertelecom.net.ua
760378,fetr.net.ua
760460,mandragora.net.ru
760593,thp.net.vn
760636,rd.net.pk
760707,claroip.net.do
761206,adventureworld.net.au
761897,spilnota.net.ua
762092,coffeebersiss.net.ly
762526,spd.net.tr
763062,clcvolunteers.net.au
763111,creatingchange.net.au
763114,crossculture.net.au
763178,digitalis.net.au
763291,finact.net.au
763364,guitarcentre.net.au
763444,interbid.net.au
763470,jmagency.net.au
763670,morningtoncinemas.net.au
763876,pubpoker.net.au
764044,splendid.net.au
764053,srcusyd.net.au
764155,thekennel.net.au
764246,urlife.net.au
765123,artcraft.net.ua
765424,bauer-media.net.au
766785,aadhaarcard.net.in
767135,esolutions.net.in
767481,metropolis.net.in
767486,misms.net.in
767603,padasalai.net.in
768433,kitap.net.ru
769644,alpha.net.bd
770414,etrog.net.il
770773,alestraune.net.mx
771450,reset.net.nz
773455,vlsweb.net.br
774568,vinatech.net.vn
776064,maxindo.net.id
776532,dexa.net.ar
779024,steamcarpetcleaningmelbourne.net.au
779313,timer.net.ru
782875,cib.net.ua
784690,4sharedmp3.net.br
784797,abntex.net.br
784860,acbr.net.br
784885,acessovip.net.br
784953,adasc.net.br
785008,adufu.net.br
785115,agricol.net.br
785222,alfabeto.net.br
785376,amil-brasil.net.br
785566,apinformacao.net.br
785848,assinesky.net.br
785884,astrea.net.br
786264,beautyskin.net.br
787078,calendariobolsafamilia2018.net.br
787151,canaisiptv.net.br
787368,casanadir.net.br
787854,cleber.net.br
787933,clubecafe.net.br
788254,confiavel.net.br
788320,consulteonline.net.br
788342,contadeluz.net.br
788379,controletotal.net.br
788707,cursinhodapoli.net.br
789056,detranmg.net.br
789062,deusasdoluxo.net.br
789361,dolarhoje.net.br
789678,educorp.net.br
790212,euniverso.net.br
790228,eurotec.net.br
790238,euvou.net.br
790815,folclore.net.br
791253,gestorsolucao.net.br
791291,gigastore.net.br
791340,globonet.net.br
791517,grupoguanabara.net.br
791961,hz.net.br
792259,infatec.net.br
792510,irecarga.net.br
792523,irpf2018.net.br
792534,iskola.net.br
792735,jogocerto.net.br
792834,jovemaprendiz.net.br
792969,kelvyn.net.br
793168,leandroquadros.net.br
793452,lojacorpoperfeito.net.br
793752,maistocadas.net.br
794090,megaftp.net.br
794100,meganet.net.br
794108,megavia.net.br
794448,mlf.net.br
794590,motorolastore.net.br
794699,multimusica.net.br
794703,multiplace.net.br
794718,mundobit.net.br
794800,musicasgospel.net.br
795099,notasonline.net.br
795153,novelas.net.br
795238,obidos.net.br
795415,onlineworld.net.br
795490,originalfilms.net.br
796023,pincelatomico.net.br
796093,planodesaude.net.br
796130,pling.net.br
796193,policiacivilrj.net.br
796283,portalcervesia.net.br
796380,portalregional.net.br
796458,ppd.net.br
796838,pxb.net.br
796925,quiver.net.br
796926,quivermax.net.br
797096,realjuridica.net.br
797177,redial.net.br
797240,renatarocha.net.br
797254,renova.net.br
797582,rpg.net.br
797664,sagradafamilia.net.br
797693,salariominimo.net.br
797720,sambanet.net.br
797790,saojudastadeu.net.br
798084,servos.net.br
798135,sexocasual.net.br
798136,sexogay.net.br
798251,simbolos.net.br
798318,sine.net.br
798322,singularcdn.net.br
798611,spcom.net.br
798694,stetnet.net.br
798725,studiofm.net.br
799025,telefone0800.net.br
799027,telegrama.net.br
799297,topdica.net.br
799309,toplista.net.br
799449,triway.net.br
800007,viamar.net.br
800106,vipmodz.net.br
800311,webadmin.net.br
800337,websid.net.br
800343,webstore.net.br
800359,wegov.net.br
800426,wire.net.br
800660,zulmira.net.br
801238,salesmantra.net.in
801466,shkola.net.ua
802262,ol-trans.net.pl
803059,fatihcavus.net.tr
804947,healingwithcrystals.net.au
805327,fabrica.net.ua
806058,slovo.net.ua
807749,eportal.net.in
808089,mactech.net.in
808626,purplebug.net.nz
808682,check.net.vn
808713,mobitv.net.vn
809779,ncpn.net.ua
810366,login.net.th
813844,cyberia.net.sa
813915,aquatic.net.ru
815352,chinamed.net.cn
819582,kdket.net.ua
820082,akwarium.net.pl
820387,av.net.pl
820401,axt.net.pl
820412,babyboom.net.pl
820472,bba.net.pl
820848,castor.net.pl
821099,cybertech.net.pl
821200,defender.net.pl
821269,diving.net.pl
821285,dms.net.pl
821469,e-kartki.net.pl
821504,easeus.net.pl
821522,ecohaus.net.pl
821607,elektrohurt.net.pl
821741,euro.net.pl
822036,fzp.net.pl
822181,goleniow.net.pl
822193,gopoland.net.ua
822220,grabinski.net.pl
822320,hekko.net.pl
822356,hitlife.net.ua
822432,i-ubezpieczenia.net.pl
822574,interstone.net.pl
822771,kaczorek.net.pl
823021,krainadziecka.net.pl
823068,ksr.net.pl
823274,logistyka.net.pl
823432,mapy.net.pl
823494,matma.net.pl
823842,multihome.net.pl
823985,netstudio.net.pl
824093,nt.net.ua
824138,odblaski.net.pl
824358,paradoks.net.pl
824744,pracelicencjackie24.net.pl
824867,przeworsk.net.pl
824897,psychologia.net.pl
824953,qnap.net.pl
825025,razom.net.pl
825056,redtuba.net.pl
825277,scp-wiki.net.pl
825592,sp17.net.pl
825982,tanie-ubezpieczenie.net.pl
826086,tesa.net.pl
826094,texpol.net.pl
826254,tropiciele.net.pl
826370,unisan.net.pl
826650,wkladykominkowe.net.pl
826708,wos.net.pl
826739,wsb.net.pl
827683,elansector70.net.in
828586,spectrum.net.in
828785,uppcl.net.in
829000,mymasjid.net.my
829097,xmos.net.ru
829338,wideband.net.au
829683,qrs.net.in
829869,phinix.net.in
830690,ruat.net.bo
831678,e2enetworks.net.in
832074,raskladki.net.ru
832262,above.net.au
832291,adit.net.au
832301,aesecurity.net.au
832355,ames.net.au
832476,autotech.net.au
832670,campsmart.net.au
832852,crystallodge.net.au
832891,dcsi.net.au
832948,domainservices.net.au
833203,geeks2u.net.au
833382,hostedoffice.net.au
833472,islandlife.net.au
833478,itsallgood.net.au
833490,jeffress.net.au
833531,justtelco.net.au
833566,kingscliffnursery.net.au
833599,lamaison.net.au
833621,learninglab.net.nz
833633,level8.net.au
833640,lifetime.net.au
833654,liquidassets.net.au
833886,mrmobile.net.au
834006,nve.net.au
834015,oceana.net.au
834134,piaa.net.au
834169,polytex.net.au
834201,printondemand.net.au
834240,quaff.net.au
834287,redcycle.net.au
834297,renet.net.au
834401,schoolshoponline.net.au
834420,selectmarketing.net.au
834460,shortlist.net.au
834675,sydneyside.net.au
835572,abcaustralia.net.au
835775,amlak.net.sa
836181,rost.net.ua
839100,uclan.net.ua
840195,ohui.net.vn
843174,aifm.net.my
844523,oetonline.net.au
844954,goneva.net.ua
846545,movistar.net.ar
848997,danny.net.pe
849345,titandms.net.au
849622,ganool.net.in
850420,mycar.net.my
851107,universalsompo.net.in
851377,khoe365.net.vn
851423,nguoidothi.net.vn
851557,vista.net.vn
851569,whois.net.vn
851673,banglaphone.net.bd
852654,topcontrol.net.az
852793,techsoup.net.nz
855374,noithatfami.net.vn
858439,bkenterprises.net.in
858561,kmps.net.in
860544,trtmuzik.net.tr
860874,ism.net.my
861717,yatanarpon.net.mm
861888,trabajardesdecasa.net.ve
862466,denismackenzie.net.au
865522,aimindiamulti.net.in
866055,cylex.net.za
868436,78dm.net.cn
868779,arch.net.tw
868863,australia.net.tw
870379,fsi.net.tw
870419,funny.net.tw
871484,kepu.net.cn
872428,ntpc.net.tw
873682,taiwanstay.net.tw
873799,thcc.net.tw
874311,wanlong.net.tw
875360,xvideo.net.co
875428,city-net.net.ua
876128,eth.net.in
877362,dpe.net.cn
877381,battery.net.ua
877399,svoydom.net.ua
877439,metodkabi.net.ru
877557,playbytherules.net.au
877733,bitnet.net.ua
886823,babyography.net.au
898516,codeclimber.net.nz
900205,cos.net.au
902828,dataexpress.net.au
906584,dug.net.pl
908842,empreendedorismouff.net.br
913029,flockandherd.net.au
915602,gastro.net.au
923509,iapg.net.au
925607,intertech.net.tw
926040,ironkey.net.au
927122,jds.net.au
931383,labyrinth.net.au
949929,paramount.net.in
954618,proof.net.au
955917,racismoambiental.net.br
962686,seoworx.net.au
965280,smarket.net.cn
966087,solidarity.net.au
978308,tstt.net.tt
978331,ttnet.net.tr
982632,wallpaper.net.in
986438,yac.net.au
986742,yogaforkids.net.au
988488,catalyst.net.nz
989093,cohesion.net.nz
990607,innerspace.net.in
991129,bolen-kot.net.ru
992392,matrix.net.ly
994110,indo.net.id
994320,tramping.net.nz
994675,aeda.net.ae
994821,citybroadband.net.in
995073,kcpl.net.in
996415,dhamma.net.in
996463,diversity.net.nz
997003,hci.net.in
997840,moviesda.net.in
998111,oxigenbc.net.in
998362,rbu.net.in
998417,rks.net.in
998625,shreeacademy.net.in
999196,vetrimatrimony.net.in
999704,shoptop.net.ua
